Pose_relationships,median,"('histogram edge', 0)","('histogram edge', 1)","('histogram edge', 2)","('histogram edge', 3)","('histogram edge', 4)","('histogram edge', 5)","('histogram edge', 6)","('histogram edge', 7)","('histogram edge', 8)","('histogram edge', 9)","('histogram edge', 10)","('histogram edge', 11)","('histogram edge', 12)","('histogram edge', 13)","('histogram edge', 14)","('histogram edge', 15)","('histogram edge', 16)","('histogram edge', 17)","('histogram edge', 18)","('histogram edge', 19)","('histogram edge', 20)","('histogram edge', 21)","('histogram edge', 22)","('histogram edge', 23)","('histogram edge', 24)","('histogram edge', 25)","('histogram edge', 26)","('histogram edge', 27)","('histogram edge', 28)","('histogram edge', 29)","('histogram edge', 30)","('histogram edge', 31)","('histogram edge', 32)","('histogram edge', 33)","('histogram edge', 34)","('histogram edge', 35)","('histogram edge', 36)","('histogram edge', 37)","('histogram edge', 38)","('histogram edge', 39)","('histogram edge', 40)","('histogram edge', 41)","('histogram edge', 42)","('histogram edge', 43)","('histogram edge', 44)","('histogram edge', 45)","('histogram edge', 46)","('histogram edge', 47)","('histogram edge', 48)","('histogram edge', 49)","('histogram edge', 50)","('histogram prob for edge', 0)","('histogram prob for edge', 1)","('histogram prob for edge', 2)","('histogram prob for edge', 3)","('histogram prob for edge', 4)","('histogram prob for edge', 5)","('histogram prob for edge', 6)","('histogram prob for edge', 7)","('histogram prob for edge', 8)","('histogram prob for edge', 9)","('histogram prob for edge', 10)","('histogram prob for edge', 11)","('histogram prob for edge', 12)","('histogram prob for edge', 13)","('histogram prob for edge', 14)","('histogram prob for edge', 15)","('histogram prob for edge', 16)","('histogram prob for edge', 17)","('histogram prob for edge', 18)","('histogram prob for edge', 19)","('histogram prob for edge', 20)","('histogram prob for edge', 21)","('histogram prob for edge', 22)","('histogram prob for edge', 23)","('histogram prob for edge', 24)","('histogram prob for edge', 25)","('histogram prob for edge', 26)","('histogram prob for edge', 27)","('histogram prob for edge', 28)","('histogram prob for edge', 29)","('histogram prob for edge', 30)","('histogram prob for edge', 31)","('histogram prob for edge', 32)","('histogram prob for edge', 33)","('histogram prob for edge', 34)","('histogram prob for edge', 35)","('histogram prob for edge', 36)","('histogram prob for edge', 37)","('histogram prob for edge', 38)","('histogram prob for edge', 39)","('histogram prob for edge', 40)","('histogram prob for edge', 41)","('histogram prob for edge', 42)","('histogram prob for edge', 43)","('histogram prob for edge', 44)","('histogram prob for edge', 45)","('histogram prob for edge', 46)","('histogram prob for edge', 47)","('histogram prob for edge', 48)","('histogram prob for edge', 49)"
0,44.31517525017341,40.442662890499186,41.30363840939343,42.16461392828767,43.025589447181915,43.88656496607616,44.7475404849704,45.60851600386465,46.469491522758894,47.33046704165314,48.19144256054738,49.05241807944162,49.913393598335865,50.77436911723011,51.63534463612435,52.496320155018594,53.357295673912844,54.21827119280708,55.07924671170133,55.94022223059557,56.801197749489816,57.66217326838406,58.5231487872783,59.384124306172545,60.24509982506679,61.10607534396103,61.967050862855274,62.828026381749524,63.68900190064376,64.54997741953801,65.41095293843225,66.2719284573265,67.13290397622075,67.99387949511498,68.85485501400922,69.71583053290347,70.57680605179772,71.43778157069195,72.2987570895862,73.15973260848045,74.02070812737469,74.88168364626893,75.74265916516318,76.60363468405743,77.46461020295166,78.3255857218459,79.18656124074015,80.0475367596344,80.90851227852863,81.76948779742287,82.63046331631713,83.49143883521137,0.019619479905289606,0.09024960756433219,0.22758596690135943,0.14126025531808517,0.17265142316654855,0.2236620709202997,0.17265142316654855,0.03531506382952129,0.011771687943173764,0.007847791962115842,0.0,0.007847791962115842,0.0,0.003923895981057921,0.0,0.0,0.0,0.003923895981057921,0.0,0.0,0.007847791962115842,0.003923895981057921,0.0,0.0,0.003923895981057921,0.0,0.0,0.0,0.0,0.0,0.0,0.003923895981057954,0.0,0.0,0.007847791962115777,0.0,0.0,0.0,0.0,0.003923895981057954,0.0,0.0,0.0,0.0,0.0,0.003923895981057889,0.0,0.0,0.0039238959810578245,0.003923895981057954
1,330.3228547636488,313.07260201170175,314.0315875646224,314.990573117543,315.94955867046366,316.90854422338435,317.867529776305,318.82651532922563,319.78550088214627,320.7444864350669,321.70347198798754,322.6624575409082,323.6214430938289,324.5804286467495,325.53941419967015,326.4983997525908,327.4573853055114,328.41637085843206,329.3753564113527,330.33434196427334,331.29332751719403,332.25231307011467,333.2112986230353,334.17028417595594,335.1292697288766,336.0882552817972,337.04724083471785,338.00622638763855,338.9652119405592,339.9241974934798,340.88318304640046,341.8421685993211,342.80115415224174,343.7601397051624,344.71912525808307,345.6781108110037,346.63709636392434,347.596081916845,348.5550674697656,349.51405302268626,350.4730385756069,351.4320241285276,352.3910096814482,353.34999523436886,354.3089807872895,355.26796634021014,356.2269518931308,357.1859374460514,358.1449229989721,359.10390855189274,360.0628941048134,361.021879657734,0.0035228668128413003,0.0,0.0,0.0035228668128410917,0.0,0.0,0.0,0.0070457336256826006,0.0,0.0,0.0422744017540931,0.10216313757239771,0.0669344694439847,0.0317058013155717,0.0457972685669369,0.08807167032103251,0.07045733625682601,0.0669344694439847,0.16205187339069022,0.21137200877047801,0.0634116026311434,0.014091467251365201,0.0035228668128413003,0.0,0.0070457336256826006,0.0035228668128410917,0.0035228668128413003,0.0,0.0,0.0,0.0035228668128413003,0.0,0.0,0.0070457336256826006,0.0,0.0,0.0,0.0,0.0,0.0035228668128410917,0.0,0.0070457336256826006,0.0035228668128413003,0.0,0.0035228668128413003,0.0035228668128413003,0.007045733625682183,0.0035228668128413003,0.0,0.0035228668128413003
2,292.2520652492457,134.27655387332607,138.18492184054008,142.0932898077541,146.00165777496812,149.91002574218214,153.81839370939616,157.72676167661018,161.6351296438242,165.54349761103822,169.45186557825224,173.36023354546626,177.26860151268028,181.1769694798943,185.08533744710832,188.99370541432233,192.90207338153635,196.81044134875037,200.7188093159644,204.6271772831784,208.53554525039243,212.44391321760645,216.35228118482047,220.2606491520345,224.1690171192485,228.07738508646253,231.98575305367655,235.89412102089057,239.80248898810459,243.7108569553186,247.61922492253262,251.52759288974664,255.43596085696066,259.3443288241747,263.2526967913887,267.1610647586027,271.06943272581674,274.97780069303076,278.8861686602448,282.7945366274588,286.7029045946728,290.61127256188684,294.51964052910085,298.4280084963149,302.3363764635289,306.2447444307429,310.15311239795693,314.06148036517095,317.96984833238497,321.878216299599,325.786584266813,329.694952234027,0.0008643961895907588,0.0,0.0,0.0008643961895907588,0.0008643961895907588,0.0008643961895907588,0.0017287923791815176,0.004321980947953794,0.028525074256495045,0.03976222472117491,0.0034575847583630352,0.0017287923791815176,0.0,0.0008643961895907588,0.0,0.0,0.0,0.0,0.0,0.0,0.0,0.0,0.0,0.0,0.0,0.0008643961895907588,0.0,0.0,0.0,0.0,0.0,0.0,0.0008643961895907588,0.0,0.0,0.0,0.0,0.0,0.005186377137544554,0.027660678066904282,0.02160990473976897,0.007779565706316829,0.0008643961895907588,0.04062662091076567,0.04667739423790098,0.0034575847583630352,0.0060507733271353125,0.004321980947953794,0.004321980947953794,0.0017287923791815176
3,419.30193916528475,383.2421270385896,384.6121310071197,385.9821349756498,387.35213894417984,388.7221429127099,390.09214688124,391.46215084977007,392.8321548183001,394.20215878683024,395.5721627553603,396.94216672389035,398.31217069242047,399.6821746609505,401.0521786294806,402.4221825980107,403.79218656654075,405.1621905350708,406.5321945036009,407.902198472131,409.27220244066103,410.64220640919115,412.0122103777212,413.3822143462513,414.7522183147814,416.12222228331143,417.49222625184154,418.8622302203716,420.23223418890166,421.60223815743177,422.9722421259618,424.3422460944919,425.712250063022,427.08225403155205,428.4522580000821,429.8222619686122,431.1922659371423,432.56226990567234,433.93227387420245,435.3022778427325,436.67228181126256,438.0422857797927,439.41228974832273,440.7822937168528,442.1522976853829,443.52230165391296,444.892305622443,446.26230959097313,447.6323135595032,449.00231752803325,450.37232149656336,451.7423254650934,0.002465962476008886,0.0024659624760087835,0.0,0.0,0.0,0.0,0.002465962476008886,0.0024659624760087835,0.002465962476008886,0.0,0.004931924952017567,0.002465962476008886,0.002465962476008886,0.0,0.0,0.007397887428026657,0.0024659624760087835,0.002465962476008886,0.002465962476008886,0.007397887428026351,0.036989437140133294,0.061649061900219584,0.02465962476008886,0.09370657408833767,0.0887746491363162,0.009863849904035544,0.01232981238004443,0.014795774856052702,0.08137676170829324,0.07891079923228435,0.05425117447219324,0.039455399616142174,0.022193662284079974,0.014795774856052702,0.014795774856053314,0.0,0.0024659624760087835,0.002465962476008886,0.009863849904035544,0.004931924952017567,0.0,0.002465962476008886,0.0024659624760087835,0.002465962476008886,0.002465962476008886,0.0,0.004931924952017772,0.0,0.0,0.002465962476008886
4,292.9956512989081,261.4092557966172,262.28624915142615,263.1632425062351,264.04023586104404,264.917229215853,265.794222570662,266.67121592547096,267.5482092802799,268.42520263508885,269.3021959898978,270.1791893447068,271.0561826995157,271.9331760543247,272.81016940913366,273.68716276394264,274.56415611875155,275.44114947356053,276.3181428283695,277.1951361831785,278.0721295379874,278.94912289279637,279.82611624760534,280.7031096024143,281.5801029572233,282.4570963120322,283.3340896668412,284.21108302165015,285.08807637645907,285.96506973126804,286.842063086077,287.719056440886,288.59604979569497,289.4730431505039,290.35003650531286,291.22702986012183,292.1040232149308,292.9810165697397,293.8580099245487,294.73500327935767,295.61199663416664,296.48898998897556,297.36598334378454,298.2429766985935,299.1199700534025,299.9969634082114,300.8739567630204,301.75095011782935,302.6279434726383,303.5049368274473,304.3819301822562,305.2589235370652,0.003852228024138512,0.0,0.0,0.0,0.0,0.0,0.0,0.0,0.003852228024138512,0.0,0.0,0.003852228024138512,0.0,0.0,0.0,0.003852228024138512,0.0,0.0,0.0,0.0,0.0,0.0,0.0,0.0,0.003852228024138512,0.0,0.0,0.007704456048277024,0.04237450826552363,0.08860124455518577,0.06934010443449322,0.06163564838622019,0.09245347257932429,0.10015792862760131,0.053931192337939166,0.030817824193110094,0.11556684072415536,0.23883813749658772,0.14638466491726346,0.015408912096555047,0.007704456048277024,0.007704456048277024,0.007704456048277024,0.007704456048277524,0.0,0.003852228024138512,0.0,0.007704456048277024,0.007704456048277524,0.007704456048277024
5,248.28269358724936,87.82743963642372,91.57339981617363,95.31935999592355,99.06532017567346,102.81128035542338,106.55724053517329,110.30320071492321,114.04916089467312,117.79512107442304,121.54108125417295,125.28704143392287,129.03300161367278,132.7789617934227,136.5249219731726,140.27088215292252,144.01684233267244,147.76280251242235,151.50876269217227,155.25472287192218,159.0006830516721,162.746643231422,166.49260341117193,170.23856359092184,173.98452377067176,177.73048395042167,181.4764441301716,185.2224043099215,188.96836448967142,192.71432466942133,196.46028484917125,200.20624502892116,203.95220520867107,207.698165388421,211.4441255681709,215.19008574792082,218.93604592767073,222.68200610742065,226.42796628717056,230.17392646692048,233.9198866466704,237.6658468264203,241.41180700617022,245.15776718592014,248.90372736567005,252.64968754541997,256.39564772516985,260.1416079049198,263.88756808466974,267.6335282644196,271.3794884441695,275.12544862391945,0.0009018724749508478,0.0,0.0,0.0,0.0009018724749508478,0.0009018724749508478,0.0,0.0018037449499016956,0.0018037449499016956,0.0036074898998033913,0.031565536623279676,0.042388006322689846,0.0027056174248525433,0.0,0.0,0.0009018724749508478,0.0,0.0,0.0,0.0,0.0,0.0,0.0,0.0009018724749508478,0.0,0.0,0.0,0.0,0.0,0.0,0.0,0.0009018724749508478,0.0,0.0,0.0,0.0,0.0,0.0,0.0009018724749508478,0.0018037449499016956,0.0,0.0072149797996067825,0.039682388897837303,0.020743066923869503,0.0009018724749508546,0.040584261372787846,0.02615430177357439,0.02885991919842735,0.007214979799606837,0.0036074898998033635
6,372.0730821184662,335.689067109442,336.87671876858684,338.06437042773166,339.2520220868765,340.4396737460213,341.6273254051661,342.81497706431094,344.00262872345576,345.1902803826006,346.3779320417454,347.5655837008902,348.75323536003503,349.94088701917985,351.1285386783247,352.3161903374695,353.5038419966143,354.69149365575913,355.87914531490395,357.06679697404877,358.2544486331936,359.4421002923384,360.62975195148323,361.81740361062805,363.00505526977287,364.1927069289177,365.38035858806245,366.5680102472073,367.7556619063521,368.94331356549696,370.1309652246417,371.31861688378655,372.50626854293137,373.6939202020762,374.881571861221,376.0692235203658,377.25687517951064,378.44452683865546,379.6321784978003,380.8198301569451,382.0074818160899,383.19513347523474,384.38278513437956,385.5704367935244,386.7580884526692,387.945740111814,389.13339177095884,390.32104343010366,391.5086950892485,392.6963467483933,393.8839984075381,395.07165006668293,0.00284458692274384,0.0,0.008533760768231521,0.0,0.0,0.00284458692274384,0.00284458692274384,0.0,0.0,0.0,0.00284458692274384,0.0,0.0,0.0,0.008533760768231521,0.0,0.00284458692274384,0.00284458692274384,0.00284458692274384,0.00284458692274384,0.00284458692274384,0.0,0.00568917384548768,0.00284458692274384,0.005689173845487953,0.0,0.005689173845487953,0.03129045615018075,0.07964843383683134,0.21334401920578802,0.04266880384115761,0.014222934613719202,0.00284458692274384,0.0,0.025601282304694564,0.02275669538195072,0.07680384691408369,0.07111467306859601,0.03982421691841377,0.04551339076390144,0.04835797768664529,0.025601282304694564,0.017067521536463043,0.0,0.0,0.00568917384548768,0.00284458692274384,0.00284458692274384,0.00568917384548768,0.00568917384548768
7,161.64538752205968,123.34726715101768,124.68186161482447,126.01645607863126,127.35105054243805,128.68564500624484,130.02023947005162,131.35483393385843,132.6894283976652,134.02402286147202,135.3586173252788,136.69321178908558,138.0278062528924,139.36240071669917,140.69699518050598,142.03158964431276,143.36618410811954,144.70077857192635,146.03537303573313,147.36996749953994,148.70456196334672,150.0391564271535,151.3737508909603,152.7083453547671,154.04293981857387,155.37753428238068,156.71212874618746,158.04672320999427,159.38131767380105,160.71591213760786,162.05050660141464,163.38510106522142,164.71969552902823,166.054289992835,167.3888844566418,168.7234789204486,170.05807338425538,171.39266784806216,172.72726231186897,174.06185677567575,175.39645123948256,176.73104570328934,178.06564016709615,179.40023463090293,180.7348290947097,182.06942355851652,183.4040180223233,184.73861248613008,186.0732069499369,187.4078014137437,188.74239587755045,190.07699034135726,0.00506277894895787,0.00506277894895787,0.007594168423436886,0.007594168423436806,0.0,0.002531389474478908,0.005062778948957924,0.002531389474478908,0.002531389474478962,0.0,0.002531389474478908,0.005062778948957924,0.015188336846873448,0.017719726321352734,0.02278250527031066,0.020251115795831266,0.04556501054062132,0.03797084211718362,0.02278250527031066,0.0,0.002531389474478908,0.002531389474478962,0.0,0.0,0.02278250527031066,0.027845284219267987,0.027845284219268584,0.02278250527031017,0.08100446318332678,0.07847307370884783,0.007594168423436724,0.002531389474478962,0.01265694737239481,0.06581612633645162,0.05569056843853717,0.06328473686197404,0.03543945264270472,0.0,0.002531389474478908,0.002531389474478962,0.0,0.002531389474478962,0.0,0.002531389474478908,0.0,0.0,0.0,0.0,0.0,0.002531389474478908
8,203.75099261959159,183.7773854462031,184.27488594220424,184.7723864382054,185.2698869342065,185.76738743020766,186.2648879262088,186.76238842220994,187.25988891821106,187.7573894142122,188.25488991021334,188.75239040621446,189.2498909022156,189.74739139821673,190.2448918942179,190.742392390219,191.23989288622016,191.73739338222128,192.2348938782224,192.73239437422356,193.22989487022468,193.72739536622584,194.22489586222696,194.7223963582281,195.21989685422923,195.71739735023039,196.2148978462315,196.71239834223263,197.20989883823378,197.7073993342349,198.20489983023606,198.70240032623718,199.19990082223833,199.69740131823946,200.1949018142406,200.69240231024173,201.18990280624286,201.687403302244,202.18490379824513,202.68240429424628,203.1799047902474,203.67740528624856,204.17490578224968,204.67240627825083,205.16990677425196,205.66740727025308,206.16490776625423,206.66240826225535,207.1599087582565,207.65740925425763,208.15490975025875,208.6524102462599,0.00679070353805386,0.006790703538053471,0.0,0.0,0.00679070353805386,0.0,0.00679070353805386,0.0,0.0,0.0,0.006790703538053471,0.0,0.006790703538053471,0.0,0.013581407076106942,0.00679070353805386,0.0,0.020372110614160416,0.00679070353805386,0.006790703538053471,0.00679070353805386,0.0,0.0,0.0,0.01358140707610772,0.02037211061416158,0.020372110614160416,0.02037211061416158,0.05432562830442777,0.04074422122832316,0.16297688491328333,0.1833489955274542,0.12902336722301597,0.04074422122832316,0.00679070353805386,0.03395351769026736,0.04074422122832316,0.013581407076106942,0.04074422122832316,0.06790703538053472,0.12902336722302335,0.23767462383187152,0.19013969906550807,0.09506984953275403,0.006790703538053471,0.00679070353805386,0.07469773891858819,0.11544196014691563,0.10865125660886175,0.05432562830442777
9,134.37836531245568,109.08306543154316,112.08940516581896,115.09574490009476,118.10208463437056,121.10842436864635,124.11476410292215,127.12110383719795,130.12744357147375,133.13378330574955,136.14012304002534,139.14646277430114,142.15280250857694,145.15914224285274,148.16548197712854,151.17182171140433,154.17816144568013,157.18450117995593,160.19084091423173,163.19718064850753,166.20352038278332,169.20986011705912,172.21619985133492,175.22253958561072,178.22887931988652,181.23521905416231,184.2415587884381,187.2478985227139,190.2542382569897,193.2605779912655,196.2669177255413,199.2732574598171,202.2795971940929,205.2859369283687,208.2922766626445,211.2986163969203,214.3049561311961,217.3112958654719,220.3176355997477,223.3239753340235,226.33031506829929,229.33665480257508,232.34299453685088,235.34933427112668,238.35567400540248,241.36201373967828,244.36835347395407,247.37469320822987,250.38103294250567,253.38737267678147,256.39371241105727,259.40005214533306,0.05618756822226217,0.0337125409333573,0.03596004366224779,0.006742508186671461,0.0044950054577809736,0.0044950054577809736,0.0033712540933357304,0.0022475027288904868,0.06967258459560509,0.005618756822226217,0.0,0.0,0.0,0.0,0.0,0.0,0.0,0.0,0.0,0.0011237513644452434,0.0,0.0,0.0,0.0,0.0,0.0,0.0,0.0,0.0,0.0,0.0,0.0,0.0,0.0,0.0,0.0,0.0,0.0,0.0,0.0,0.0,0.0,0.0011237513644452434,0.0011237513644452434,0.0,0.0011237513644452434,0.0,0.0044950054577809736,0.10001387143562666,0.0011237513644452434
10,7.888134589961737e-15,-34.06009405421614,-33.130053015629926,-32.20001197704372,-31.26997093845751,-30.3399298998713,-29.409888861285093,-28.479847822698886,-27.549806784112675,-26.61976574552647,-25.68972470694026,-24.75968366835405,-23.829642629767843,-22.899601591181636,-21.969560552595425,-21.039519514009218,-20.10947847542301,-19.1794374368368,-18.24939639825059,-17.31935535966438,-16.389314321078174,-15.459273282491964,-14.529232243905756,-13.59919120531955,-12.669150166733338,-11.739109128147131,-10.809068089560924,-9.879027050974713,-8.948986012388506,-8.018944973802299,-7.088903935216088,-6.158862896629881,-5.22882185804367,-4.298780819457463,-3.3687397808712554,-2.4386987422850446,-1.5086577036988373,-0.5786166651126265,0.35142437347357713,1.281465412059788,2.2115064506459987,3.1415474892322095,4.071588527818413,5.001629566404624,5.931670604990835,6.8617116435770384,7.791752682163249,8.72179372074946,9.651834759335664,10.581875797921874,11.511916836508085,12.441957875094293,0.007265009259191345,0.0,0.0,0.0,0.0,0.0,0.0,0.0,0.0,0.0,0.0,0.0,0.0,0.0,0.0,0.0,0.0,0.0,0.0,0.0,0.0,0.0,0.0,0.0,0.0,0.0036325046295956724,0.0,0.0,0.0,0.0072650092591913734,0.007265009259191345,0.0036325046295956867,0.014530018518382747,0.01453001851838269,0.0544875694439353,0.16709521296140092,0.45043057406986686,0.15619769907261394,0.06901758796231779,0.05812007407353076,0.0181625231479785,0.01453001851838269,0.0,0.0072650092591914,0.0,0.0036325046295956724,0.0036325046295957,0.007265009259191345,0.0036325046295956724,0.0036325046295956867
11,-0.005914055684636381,-8.349088446235946,-8.065233923212373,-7.7813794001888015,-7.49752487716523,-7.213670354141657,-6.929815831118085,-6.645961308094513,-6.3621067850709405,-6.078252262047369,-5.794397739023797,-5.510543216000224,-5.226688692976652,-4.9428341699530804,-4.658979646929508,-4.375125123905936,-4.091270600882363,-3.8074160778587913,-3.5235615548352195,-3.2397070318116468,-2.955852508788075,-2.671997985764502,-2.3881434627409304,-2.1042889397173585,-1.8204344166937858,-1.536579893670214,-1.2527253706466421,-0.9688708476230694,-0.6850163245994976,-0.40116180157592574,-0.11730727855235301,0.1665472444712197,0.45040176749479066,0.7342562905183634,1.018110813541936,1.301965336565507,1.5858198595890798,1.8696743826126525,2.1535289056362235,2.437383428659796,2.721237951683369,3.0050924747069416,3.2889469977305126,3.5728015207540853,3.856656043777658,4.140510566801229,4.424365089824802,4.708219612848374,4.992074135871945,5.275928658895518,5.559783181919091,5.843637704942661,0.011901795125166353,0.0,0.0,0.011901795125166353,0.0,0.0,0.0,0.0,0.0,0.0,0.0,0.011901795125166391,0.0,0.0,0.0,0.0,0.0,0.0,0.011901795125166391,0.0,0.0,0.023803590250332782,0.011901795125166353,0.023803590250332782,0.0,0.059508975625831774,0.023803590250332782,0.24993769762849422,0.7617148880106466,1.4282154150199624,0.4403664196311578,0.16662513175232893,0.13091974637682988,0.0,0.04760718050066541,0.011901795125166353,0.0,0.011901795125166353,0.011901795125166353,0.0,0.0,0.011901795125166353,0.023803590250332705,0.0,0.0,0.011901795125166353,0.0,0.011901795125166353,0.0,0.011901795125166465
12,0.024714128375046766,-14.49816708100516,-14.018677271469308,-13.539187461933455,-13.059697652397602,-12.580207842861752,-12.100718033325899,-11.621228223790046,-11.141738414254194,-10.662248604718343,-10.18275879518249,-9.703268985646638,-9.223779176110785,-8.744289366574932,-8.26479955703908,-7.785309747503228,-7.305819937967376,-6.826330128431524,-6.346840318895671,-5.867350509359818,-5.3878606998239675,-4.908370890288115,-4.428881080752262,-3.9493912712164096,-3.469901461680557,-2.9904116521447044,-2.5109218426088535,-2.031432033073001,-1.5519422235371483,-1.0724524140012957,-0.592962604465443,-0.11347279492959217,0.36601701460626046,0.8455068241421131,1.3249966336779657,1.8044864432138183,2.283976252749671,2.7634660622855236,3.2429558718213762,3.7224456813572253,4.201935490893078,4.681425300428931,5.160915109964783,5.640404919500636,6.1198947290364885,6.599384538572341,7.078874348108194,7.558364157644046,8.037853967179899,8.517343776715752,8.9968335862516,9.476323395787453,0.007045777222353603,0.0,0.0,0.0,0.0,0.0,0.007045777222353603,0.0,0.0,0.0,0.0,0.0,0.0,0.0,0.0,0.007045777222353603,0.0,0.0,0.01409155444470726,0.0,0.0,0.0,0.0,0.02113733166706081,0.00704577722235363,0.007045777222353603,0.007045777222353603,0.06341199500118244,0.2254648711153153,0.4509297422306323,0.7045777222353604,0.40160930167415543,0.056366217778828824,0.014091554444707206,0.007045777222353603,0.0,0.028183108889414412,0.007045777222353656,0.0,0.0,0.007045777222353603,0.007045777222353603,0.014091554444707206,0.007045777222353603,0.007045777222353603,0.0,0.0,0.0,0.0,0.007045777222353603
13,-0.012870884873466607,-4.760499279062431,-4.5900164068503475,-4.419533534638263,-4.249050662426179,-4.0785677902140955,-3.9080849180020114,-3.7376020457899273,-3.5671191735778436,-3.3966363013657594,-3.2261534291536753,-3.0556705569415916,-2.8851876847295075,-2.7147048125174233,-2.5442219403053397,-2.3737390680932555,-2.203256195881172,-2.0327733236690877,-1.8622904514570036,-1.6918075792449199,-1.5213247070328357,-1.350841834820752,-1.180358962608668,-1.0098760903965838,-0.8393932181845001,-0.6689103459724155,-0.4984274737603318,-0.3279446015482481,-0.15746172933616442,0.013021142875920155,0.18350401508800385,0.35398688730008754,0.5244697595121721,0.6949526317242558,0.8654355039363395,1.035918376148424,1.2064012483605078,1.3768841205725915,1.547366992784676,1.7178498649967597,1.8883327372088434,2.058815609420927,2.2292984816330117,2.3997813538450954,2.570264226057179,2.7407470982692637,2.9112299704813474,3.081712842693431,3.2521957149055147,3.4226785871176,3.593161459329684,3.7636443315417667,0.019816526637207378,0.0,0.0,0.0,0.0,0.01981652663720733,0.0,0.0,0.01981652663720733,0.0,0.0,0.0,0.0,0.01981652663720733,0.0,0.0,0.0,0.019816526637207378,0.03963305327441466,0.0,0.03963305327441466,0.03963305327441466,0.0,0.019816526637207278,0.05944957991162214,0.13871568646045165,0.5746792724790141,2.377983196464873,1.4862394977905535,0.5350462192045993,0.11889915982324366,0.05944957991162214,0.019816526637207378,0.09908263318603638,0.0,0.0,0.019816526637207278,0.019816526637207378,0.0,0.0,0.019816526637207278,0.0,0.019816526637207378,0.0,0.019816526637207378,0.0,0.019816526637207378,0.019816526637207173,0.0,0.019816526637207486
14,0.014332074018659583,-5.1968356790523895,-5.0199944607478395,-4.8431532424432895,-4.6663120241387395,-4.4894708058341894,-4.312629587529639,-4.135788369225089,-3.9589471509205394,-3.7821059326159894,-3.6052647143114394,-3.4284234960068893,-3.2515822777023393,-3.0747410593977897,-2.8978998410932397,-2.7210586227886897,-2.5442174044841397,-2.3673761861795897,-2.1905349678750397,-2.0136937495704896,-1.8368525312659396,-1.6600113129613896,-1.4831700946568396,-1.3063288763522896,-1.12948765804774,-0.95264643974319,-0.77580522143864,-0.5989640031340899,-0.4221227848295399,-0.2452815665249899,-0.06844034822043987,0.10840087008411015,0.28524208838866016,0.4620833066932102,0.6389245249977602,0.8157657433023102,0.9926069616068602,1.1694481799114103,1.3462893982159603,1.5231306165205103,1.6999718348250603,1.8768130531296103,2.0536542714341603,2.2304954897387104,2.4073367080432604,2.5841779263478104,2.7610191446523604,2.9378603629569096,3.1147015812614605,3.2915427995660096,3.4683840178705605,3.645225236175109,0.019104021170902864,0.0,0.0,0.0,0.0,0.0,0.03820804234180573,0.0,0.0,0.0,0.0,0.0,0.019104021170902864,0.0,0.0,0.019104021170902864,0.0,0.0,0.019104021170902864,0.019104021170902864,0.019104021170902864,0.03820804234180573,0.05731206351270873,0.05731206351270859,0.07641608468361145,0.1528321693672229,0.17193619053812578,0.4967045504434744,0.8596809526906288,1.6429458206976462,0.8978889950324345,0.2483522752217372,0.28656031756354294,0.1528321693672229,0.05731206351270859,0.05731206351270859,0.03820804234180573,0.03820804234180573,0.0,0.0,0.019104021170902864,0.05731206351270859,0.019104021170902864,0.0,0.0,0.0,0.019104021170902766,0.0,0.0,0.05731206351270902
15,0.05899568309640716,-12.70968926847425,-12.192571220272683,-11.675453172071116,-11.158335123869549,-10.641217075667983,-10.124099027466416,-9.606980979264849,-9.089862931063282,-8.572744882861716,-8.05562683466015,-7.538508786458582,-7.021390738257015,-6.504272690055448,-5.9871546418538815,-5.470036593652314,-4.952918545450748,-4.435800497249181,-3.9186824490476138,-3.4015644008460466,-2.8844463526444812,-2.367328304442914,-1.850210256241347,-1.3330922080397798,-0.8159741598382126,-0.2988561116366455,0.21826193656491988,0.735379984766487,1.2524980329680542,1.7696160811696213,2.2867341293711885,2.803852177572754,3.320970225774321,3.838088273975888,4.355206322177455,4.872324370379022,5.38944241858059,5.906560466782157,6.423678514983724,6.9407965631852875,7.457914611386855,7.975032659588422,8.492150707789989,9.009268755991556,9.526386804193123,10.04350485239469,10.560622900596258,11.077740948797825,11.594858996999392,12.111977045200959,12.629095093402523,13.146213141604093,0.01306617856455678,0.0,0.0,0.0,0.0,0.0,0.0,0.0,0.0,0.0,0.00653308928227839,0.0,0.0,0.0,0.0,0.0,0.01306617856455678,0.0,0.02613235712911365,0.02613235712911356,0.02613235712911356,0.03919853569367034,0.17639341062151653,0.2809228391379708,0.5618456782759434,0.43118389263037377,0.18292649990379492,0.04573162497594873,0.02613235712911356,0.019599267846835237,0.00653308928227839,0.01959926784683517,0.00653308928227839,0.0,0.00653308928227839,0.0,0.0,0.0,0.0,0.0,0.00653308928227839,0.0,0.00653308928227839,0.0,0.0,0.0,0.0,0.0,0.0,0.006533089282278345
16,0.0013537513774032235,-5.002071755706143,-4.8462536517027015,-4.690435547699259,-4.534617443695818,-4.3787993396923754,-4.222981235688934,-4.067163131685492,-3.9113450276820503,-3.755526923678609,-3.5997088196751665,-3.443890715671725,-3.2880726116682832,-3.1322545076648414,-2.9764364036613995,-2.820618299657958,-2.664800195654516,-2.5089820916510743,-2.3531639876476325,-2.1973458836441906,-2.041527779640749,-1.8857096756373073,-1.7298915716338654,-1.5740734676304236,-1.4182553636269817,-1.2624372596235398,-1.1066191556200984,-0.9508010516166561,-0.7949829476132146,-0.6391648436097732,-0.4833467396063309,-0.3275286356028895,-0.17171053159944716,-0.01589242759600573,0.1399256764074357,0.295743780410878,0.45156188441431944,0.6073799884177618,0.7631980924212032,0.9190161964246446,1.074834300428087,1.2306524044315283,1.3864705084349707,1.542288612438412,1.6981067164418535,1.8539248204452958,2.0097429244487373,2.1655610284521796,2.321379132455621,2.4771972364590633,2.6330153404625047,2.788833444465946,0.021681552345828588,0.0,0.0,0.0,0.0,0.0,0.0,0.021681552345828588,0.0,0.0,0.0,0.0,0.0,0.0,0.0,0.0,0.0,0.0,0.0,0.0,0.0,0.021681552345828525,0.06504465703748559,0.021681552345828525,0.0,0.0,0.0,0.10840776172914293,0.0650446570374854,0.23849707580411444,0.607083465683197,1.6261164259371441,2.276562996312002,0.6721281227206825,0.23849707580411444,0.10840776172914234,0.043363104691657176,0.043363104691657176,0.0650446570374854,0.0,0.0,0.043363104691657176,0.021681552345828588,0.043363104691656926,0.0,0.021681552345828463,0.021681552345828588,0.0,0.0,0.021681552345828588
17,0.015970185739506756,-31.901757564602963,-30.48202091769914,-29.062284270795313,-27.64254762389149,-26.222810976987663,-24.803074330083838,-23.383337683180017,-21.963601036276188,-20.543864389372366,-19.124127742468538,-17.704391095564716,-16.284654448660888,-14.864917801757066,-13.445181154853241,-12.025444507949416,-10.605707861045591,-9.185971214141766,-7.766234567237941,-6.346497920334116,-4.926761273430291,-3.5070246265264657,-2.0872879796226407,-0.6675513327188156,0.7521853141850094,2.171921961088831,3.5916586079926596,5.011395254896481,6.43113190180031,7.850868548704131,9.27060519560796,10.690341842511781,12.11007848941561,13.529815136319431,14.949551783223253,16.36928843012708,17.789025077030903,19.20876172393473,20.628498370838553,22.048235017742382,23.467971664646203,24.887708311550032,26.307444958453853,27.727181605357682,29.146918252261504,30.566654899165332,31.986391546069154,33.406128192972986,34.825864839876814,36.24560148678063,37.66533813368446,39.085074780588286,0.002379581020005349,0.002379581020005349,0.0,0.0,0.0,0.0,0.0023795810200053433,0.002379581020005355,0.0,0.0,0.0,0.0,0.0,0.0,0.0,0.0,0.0,0.0,0.0,0.004759162040010698,0.002379581020005349,0.07852617366017652,0.504471176241134,0.07614659264017136,0.0047591620400106865,0.00475916204001071,0.00713874306001603,0.002379581020005355,0.0023795810200053433,0.0,0.0,0.0,0.0,0.0,0.0,0.0,0.002379581020005355,0.0,0.002379581020005355,0.0,0.0,0.0,0.0,0.0,0.0,0.0,0.0,0.0,0.0,0.0023795810200053433
18,0.005450075858589451,-7.1862479674096,-6.85358500892727,-6.520922050444939,-6.1882590919626095,-5.8555961334802795,-5.52293317499795,-5.19027021651562,-4.857607258033289,-4.524944299550959,-4.192281341068629,-3.8596183825862984,-3.526955424103968,-3.194292465621638,-2.861629507139308,-2.5289665486569772,-2.1963035901746473,-1.8636406316923173,-1.5309776732099873,-1.1983147147276574,-0.8656517562453265,-0.5329887977629966,-0.2003258392806666,0.13233711920166424,0.4650000776839942,0.7976630361663242,1.130325994648655,1.462988953130984,1.795651911613315,2.128314870095646,2.460977828577975,2.7936407870603057,3.126303745542635,3.4589667040249656,3.7916296625072965,4.124292620989626,4.456955579471956,4.7896185379542855,5.122281496436616,5.454944454918947,5.787607413401276,6.120270371883607,6.452933330365938,6.785596288848267,7.118259247330598,7.450922205812929,7.783585164295258,8.116248122777588,8.448911081259919,8.78157403974225,9.11423699822458,9.44689995670691,0.010155559229651437,0.0,0.0,0.0,0.0,0.0,0.0,0.0,0.0,0.030466677688954266,0.020311118459302845,0.0,0.0,0.0,0.0,0.010155559229651437,0.040622236918605746,0.010155559229651437,0.020311118459302818,0.13202226998546865,0.5077779614825718,1.4217782921511972,0.629644672238389,0.060933355377908616,0.030466677688954225,0.0,0.010155559229651409,0.010155559229651409,0.0,0.0,0.0,0.0,0.0,0.0,0.0,0.0,0.020311118459302818,0.0,0.010155559229651463,0.0,0.0,0.010155559229651463,0.010155559229651409,0.0,0.0,0.0,0.0,0.0,0.0,0.010155559229651463
19,-0.0020182292657895335,-8.275850537804306,-7.882508081810449,-7.489165625816591,-7.095823169822733,-6.702480713828876,-6.309138257835018,-5.91579580184116,-5.522453345847302,-5.129110889853445,-4.735768433859588,-4.34242597786573,-3.949083521871872,-3.5557410658780144,-3.162398609884157,-2.7690561538902987,-2.3757136978964413,-1.9823712419025838,-1.5890287859087264,-1.195686329914869,-0.8023438739210107,-0.4090014179271533,-0.015658961933295856,0.37768349406056245,0.771025950054419,1.1643684060482773,1.5577108620421356,1.9510533180359921,2.3443957740298504,2.7377382300237088,3.1310806860175653,3.5244231420114236,3.91776559800528,4.311108053999138,4.704450509992997,5.097792965986853,5.491135421980712,5.884477877974568,6.277820333968426,6.671162789962285,7.064505245956141,7.45784770195,7.851190157943858,8.244532613937714,8.637875069931571,9.031217525925431,9.424559981919288,9.817902437913144,10.211244893907004,10.60458734990086,10.997929805894717,11.391272261888577,0.00858889836807023,0.0,0.00858889836807021,0.01717779673614046,0.0,0.0,0.0,0.00858889836807023,0.0,0.00858889836807023,0.01717779673614042,0.01717779673614046,0.0,0.01717779673614042,0.01717779673614046,0.03435559347228092,0.11165567878491299,0.11165567878491299,0.08588898368070211,0.15460017062526415,0.5153339020842138,0.9018343286473722,0.103066780416843,0.051533390208421265,0.042944491840351054,0.0858889836807025,0.08588898368070211,0.025766695104210632,0.017177796736140498,0.01717779673614042,0.017177796736140498,0.0,0.0,0.017177796736140498,0.0,0.008588898368070249,0.0,0.00858889836807021,0.008588898368070249,0.0,0.0,0.0,0.0,0.0,0.0,0.0,0.0,0.008588898368070249,0.0,0.008588898368070171
20,2.740405466894829,2.9909408283401715e-14,1.6522707249194393,3.3045414498388483,4.956812174758258,6.609082899677667,8.261353624597076,9.913624349516486,11.565895074435895,13.218165799355305,14.870436524274714,16.52270724919412,18.17497797411353,19.82724869903294,21.47951942395235,23.131790148871758,24.78406087379117,26.436331598710577,28.088602323629985,29.740873048549396,31.393143773468804,33.04541449838821,34.69768522330762,36.349955948227034,38.002226673146446,39.65449739806585,41.30676812298526,42.95903884790467,44.61130957282408,46.26358029774349,47.9158510226629,49.56812174758231,51.220392472501715,52.872663197421126,54.52493392234054,56.17720464725994,57.82947537217935,59.481746097098764,61.134016822018175,62.78628754693758,64.43855827185699,66.0908289967764,67.74309972169581,69.39537044661522,71.04764117153462,72.69991189645404,74.35218262137344,76.00445334629286,77.65672407121227,79.30899479613167,80.96126552105109,82.6135362459705,0.16766442862475772,0.18402193385644144,0.11450253662178576,0.044983139387130125,0.01840219338564415,0.004089376307920919,0.00613406446188138,0.00613406446188138,0.00613406446188138,0.010223440769802323,0.0,0.0040893763079209245,0.0020446881539604575,0.0,0.004089376307920915,0.0,0.0020446881539604622,0.0020446881539604575,0.0020446881539604622,0.006134064461881386,0.004089376307920915,0.004089376307920915,0.0,0.004089376307920933,0.0020446881539604575,0.0,0.0,0.0020446881539604575,0.0,0.0,0.0,0.0,0.0,0.0,0.0,0.0,0.0,0.0,0.0,0.0,0.0,0.0,0.0020446881539604666,0.0,0.0,0.0,0.0,0.0,0.0,0.0020446881539604666
21,2.373634018415868,0.0,0.8019439120826849,1.6038878241653698,2.4058317362480546,3.2077756483307396,4.009719560413425,4.811663472496109,5.613607384578795,6.415551296661479,7.217495208744164,8.01943912082685,8.821383032909534,9.623326944992218,10.425270857074903,11.22721476915759,12.029158681240274,12.831102593322958,13.633046505405643,14.434990417488327,15.236934329571014,16.0388782416537,16.840822153736383,17.642766065819067,18.444709977901752,19.246653889984437,20.04859780206712,20.850541714149806,21.652485626232494,22.45442953831518,23.256373450397863,24.058317362480548,24.860261274563232,25.662205186645917,26.4641490987286,27.266093010811286,28.06803692289397,28.869980834976655,29.67192474705934,30.473868659142028,31.275812571224712,32.0777564833074,32.87970039539008,33.681644307472766,34.48358821955545,35.285532131638135,36.08747604372082,36.889419955803504,37.69136386788619,38.49330777996887,39.29525169205156,40.09719560413424,0.06319104729415383,0.3159552364707691,0.25276418917661536,0.15165851350596915,0.12216935810203071,0.08425472972553846,0.07161652026670762,0.008425472972553846,0.008425472972553846,0.016850945945107675,0.004212736486276923,0.008425472972553846,0.01263820945883077,0.004212736486276914,0.016850945945107693,0.0,0.004212736486276923,0.004212736486276923,0.0,0.0,0.0,0.0,0.01263820945883077,0.008425472972553846,0.0,0.0,0.012638209458830712,0.004212736486276923,0.0,0.004212736486276923,0.004212736486276923,0.004212736486276923,0.0,0.004212736486276923,0.01263820945883077,0.004212736486276923,0.0,0.0,0.008425472972553846,0.008425472972553846,0.0,0.0,0.0,0.0,0.0,0.0,0.0,0.004212736486276923,0.0,0.004212736486276923
22,1.7875816157666646,2.7045032879868813e-14,0.5637619417519446,1.1275238835038621,1.6912858252557796,2.255047767007697,2.818809708759615,3.382571650511532,3.9463335922634495,4.510095534015367,5.0738574757672845,5.637619417519202,6.201381359271119,6.765143301023037,7.328905242774955,7.892667184526871,8.45642912627879,9.020191068030707,9.583953009782624,10.147714951534542,10.71147689328646,11.275238835038378,11.839000776790295,12.402762718542212,12.96652466029413,13.530286602046047,14.094048543797964,14.657810485549883,15.2215724273018,15.785334369053716,16.349096310805635,16.912858252557555,17.476620194309472,18.04038213606139,18.604144077813306,19.167906019565223,19.731667961317143,20.29542990306906,20.859191844820977,21.422953786572894,21.98671572832481,22.55047767007673,23.114239611828648,23.678001553580565,24.24176349533248,24.8055254370844,25.369287378836315,25.933049320588236,26.496811262340152,27.06057320409207,27.624335145843986,28.188097087595906,0.047940495846596584,0.2996280990412286,0.4734123964851412,0.41348677667689554,0.12584380159731598,0.0719107437698949,0.023970247923298302,0.011985123961649151,0.02397024792329828,0.041947933865771996,0.02397024792329832,0.017977685942473714,0.03595537188494743,0.02397024792329832,0.005992561980824561,0.00599256198082458,0.00599256198082458,0.0,0.00599256198082458,0.0,0.0,0.00599256198082458,0.011985123961649122,0.00599256198082458,0.00599256198082458,0.011985123961649122,0.00599256198082458,0.0,0.0,0.0,0.0,0.00599256198082458,0.00599256198082458,0.0,0.0,0.0,0.01198512396164916,0.0,0.0,0.0,0.0,0.01198512396164916,0.0,0.00599256198082458,0.0,0.005992561980824543,0.0,0.01198512396164916,0.0,0.005992561980824543
23,0.6523102470223046,0.0,2.1550141237430886,4.310028247486177,6.465042371229266,8.620056494972355,10.775070618715443,12.930084742458533,15.085098866201621,17.24011298994471,19.3951271136878,21.550141237430886,23.705155361173976,25.860169484917066,28.015183608660152,30.170197732403242,32.32521185614633,34.48022597988942,36.635240103632505,38.7902542273756,40.945268351118685,43.10028247486177,45.255296598604865,47.41031072234795,49.56532484609104,51.72033896983413,53.87535309357722,56.030367217320304,58.18538134106339,60.340395464806484,62.49540958854957,64.65042371229266,66.80543783603575,68.96045195977884,71.11546608352192,73.27048020726501,75.4254943310081,77.5805084547512,79.73552257849428,81.89053670223737,84.04555082598046,86.20056494972354,88.35557907346663,90.51059319720973,92.66560732095282,94.8206214446959,96.97563556843899,99.13064969218208,101.28566381592516,103.44067793966826,105.59569206341135,107.75070618715444,0.2602353296120059,0.08151950084231512,0.051733529380699965,0.02665060604460302,0.007838413542530301,0.0,0.0015676827085060602,0.0015676827085060602,0.010973778959542413,0.004703048125518185,0.0031353654170121177,0.0015676827085060589,0.0,0.0015676827085060589,0.0,0.0,0.0,0.0,0.0,0.0,0.0,0.0,0.0,0.0,0.0,0.0015676827085060615,0.0015676827085060615,0.0015676827085060563,0.0,0.0,0.0,0.0,0.0,0.0,0.0,0.0,0.0,0.0,0.0,0.0,0.0015676827085060615,0.001567682708506051,0.0,0.0,0.0,0.0015676827085060615,0.0,0.0,0.0,0.0015676827085060615
24,0.8668642877616386,1.5454304502782178e-14,0.3846451016722081,0.7692902033444008,1.1539353050165935,1.5385804066887863,1.923225508360979,2.3078706100331714,2.692515711705364,3.077160813377557,3.4618059150497498,3.8464510167219426,4.2310961183941345,4.615741220066327,5.00038632173852,5.385031423410712,5.769676525082906,6.154321626755098,6.53896672842729,6.9236118300994836,7.308256931771676,7.692902033443869,8.077547135116061,8.462192236788255,8.846837338460448,9.23148244013264,9.616127541804833,10.000772643477026,10.38541774514922,10.77006284682141,11.154707948493604,11.539353050165797,11.923998151837989,12.308643253510182,12.693288355182375,13.077933456854566,13.46257855852676,13.847223660198953,14.231868761871144,14.616513863543338,15.00115896521553,15.385804066887724,15.770449168559916,16.155094270232105,16.5397393719043,16.92438447357649,17.309029575248683,17.693674676920878,18.07831977859307,18.46296488026526,18.847609981937456,19.232255083609648,0.07904794646603325,0.8783105162892584,0.9661415679181842,0.26349315488677744,0.0966141567918184,0.017566210325785182,0.008783105162892582,0.017566210325785165,0.05269863097735549,0.026349315488677746,0.0,0.026349315488677773,0.0,0.017566210325785182,0.008783105162892572,0.008783105162892591,0.008783105162892591,0.0,0.0,0.008783105162892572,0.0,0.0,0.008783105162892572,0.0,0.0,0.0,0.0,0.0,0.0,0.008783105162892572,0.0,0.008783105162892572,0.0,0.008783105162892612,0.017566210325785144,0.0,0.008783105162892612,0.008783105162892572,0.0,0.008783105162892572,0.008783105162892612,0.008783105162892652,0.0,0.008783105162892612,0.0,0.0,0.0,0.0,0.0,0.008783105162892612
